tipo_inst_1,nomb_inst,n,n_oportuna,mediana_sobreduracion,pct_mas_doble,pct,ic_inf,ic_sup,brecha_meta_pp
Universidades,UNIVERSIDAD TECNOLOGICA DE CHILE INACAP,1049,126,7,43.18398474737846,12.011439466158246,10.181451587082112,14.118641905367035,-62.988560533841756
Centros de Formación Técnica,CFT INSTITUTO CENTRAL DE CAPACITACION EDUCACIONAL ICCE,389,92,4,55.78406169665809,23.65038560411311,19.698099582343186,28.117998897840707,-51.34961439588689
Universidades,UNIVERSIDAD BOLIVARIANA,116,38,4.5,30.17241379310345,32.758620689655174,24.89029797678997,41.73227121285274,-42.241379310344826
Universidades,UNIVERSIDAD DE LA SERENA,1078,466,3,16.79035250463822,43.22820037105751,40.300149211835915,46.2043428457015,-31.77179962894249
Universidades,UNIVERSIDAD TECNICA FEDERICO SANTA MARIA,2848,1245,3,12.570224719101123,43.71488764044944,41.90280819805845,45.54389930061008,-31.28511235955056
Universidades,UNIVERSIDAD DE VALPARAISO,1784,787,3,7.174887892376682,44.11434977578475,41.82539394873111,46.428598094919046,-30.885650224215247
Universidades,UNIVERSIDAD DE ACONCAGUA,548,244,3,10.218978102189782,44.52554744525548,40.4168815483977,48.71043046468985,-30.474452554744524
Universidades,UNIVERSIDAD DE ANTOFAGASTA,1121,524,3,10.347903657448706,46.74397859054415,43.8393314557219,49.67086507663792,-28.256021409455848
Universidades,UNIVERSIDAD ALBERTO HURTADO,828,400,3,2.0531400966183577,48.309178743961354,44.92112132446607,51.712852649409214,-26.690821256038646
Universidades,UNIVERSIDAD TECNOLOGICA METROPOLITANA,776,389,2,10.18041237113402,50.128865979381445,46.618987725216336,53.637474659205296,-24.871134020618555
Universidades,UNIVERSIDAD DE CHILE,4315,2165,2,7.740440324449595,50.173812282734644,48.68247159665855,51.66484376888616,-24.826187717265356
Centros de Formación Técnica,CFT INACAP,15633,8179,2,32.674470671016444,52.31881276786285,51.535397430516596,53.1010887927995,-22.681187232137148
Universidades,UNIVERSIDAD DE TARAPACA,1352,732,2,8.801775147928995,54.142011834319526,51.4779768072289,56.78257602299781,-20.857988165680474
Universidades,UNIVERSIDAD AUSTRAL DE CHILE,2509,1390,2,5.978477481068155,55.40055799123157,53.448771997352615,57.33583198348043,-19.599442008768428
Universidades,PONTIFICIA UNIVERSIDAD CATOLICA DE VALPARAISO,2570,1492,2,5.019455252918288,58.05447470817121,56.135998670993835,59.948908135569546,-16.945525291828787
Universidades,UNIVERSIDAD DE CONCEPCION,3465,2019,2,5.916305916305916,58.26839826839827,56.6182299321492,59.900253452064135,-16.731601731601728
Universidades,UNIVERSIDAD CATOLICA DEL NORTE,1606,941,2,8.904109589041095,58.59277708592777,56.16606895656032,60.97847645738291,-16.40722291407223
Universidades,UNIVERSIDAD DE O'HIGGINS,426,250,2,0,58.68544600938967,53.95227427406019,63.26337546876017,-16.314553990610328
Universidades,UNIVERSIDAD DE ATACAMA,1436,843,1,15.87743732590529,58.70473537604457,56.138223296240284,61.224799449664204,-16.295264623955433
Universidades,UNIVERSIDAD CATOLICA DE TEMUCO,1344,791,2,8.705357142857142,58.854166666666664,56.20168847135994,61.456174658049974,-16.145833333333336
Universidades,UNIVERSIDAD METROPOLITANA DE CIENCIAS DE LA EDUCACION,411,245,1,4.13625304136253,59.61070559610706,54.79912893376881,64.24429074385458,-15.38929440389294
Universidades,UNIVERSIDAD CENTRAL DE CHILE,1437,861,2,7.376478775226166,59.91649269311065,57.359476013005164,62.4206322185603,-15.083507306889352
Universidades,UNIVERSIDAD DE SANTIAGO DE CHILE,3414,2049,2,5.8875219683655535,60.017574692442885,58.364001761253604,61.64862925867705,-14.982425307557115
Universidades,UNIVERSIDAD SANTO TOMAS,3748,2267,2,4.0821771611526145,60.48559231590181,58.910485153589065,62.039227370965776,-14.514407684098188
Universidades,UNIVERSIDAD DE TALCA,1366,836,2,2.9282576866764276,61.20058565153733,58.588487869190075,63.749863626130946,-13.799414348462669
Universidades,UNIVERSIDAD DEL BIO-BIO,1830,1122,2,8.14207650273224,61.31147540983607,59.05855662984754,63.51700452396316,-13.68852459016393
Universidades,UNIVERSIDAD MIGUEL DE CERVANTES,215,134,1,19.53488372093023,62.32558139534884,55.685508593580366,68.53293716418855,-12.674418604651159
Universidades,UNIVERSIDAD DE PLAYA ANCHA DE CIENCIAS DE LA EDUCACION,868,545,1,8.640552995391705,62.78801843317973,59.522625598636516,65.94071957197406,-12.21198156682027
Universidades,UNIVERSIDAD DIEGO PORTALES,2549,1601,2,2.6677128285602194,62.80894468418988,60.9147225455127,64.66461759500893,-12.191055315810118
Institutos Profesionales,IP INACAP,10908,6893,2,9.112577924459114,63.19215254858819,62.282595850119314,64.09242078535003,-11.80784745141181
Institutos Profesionales,IP ESCUELA DE CONTADORES AUDITORES DE SANTIAGO,232,150,1,6.0344827586206895,64.65517241379311,58.31077445040411,70.52215439087274,-10.34482758620689
Universidades,UNIVERSIDAD MAYOR,2772,1811,1,5.158730158730158,65.33189033189034,63.5401167913009,67.08122857764965,-9.668109668109665
Universidades,UNIVERSIDAD SAN SEBASTIAN,3809,2493,1,3.150433184562877,65.45024940929378,63.925211681484484,66.9441547139398,-9.549750590706225
Universidades,UNIVERSIDAD ADOLFO IBAÑEZ,1376,912,2,7.4854651162790695,66.27906976744185,63.738906529022465,68.72859161260398,-8.720930232558146
Universidades,PONTIFICIA UNIVERSIDAD CATOLICA DE CHILE,4606,3079,2,1.82370820668693,66.84759009986973,65.47452179232755,68.1925796441075,-8.152409900130266
Centros de Formación Técnica,CFT LOS LAGOS,109,73,2,4.587155963302752,66.97247706422019,57.697862712659706,75.09150423339624,-8.027522935779814
Universidades,UNIVERSIDAD DE VIÑA DEL MAR,815,546,1,4.41717791411043,66.99386503067485,63.69235996758916,70.13592229830135,-8.006134969325146
Universidades,UNIVERSIDAD ARTURO PRAT,1096,740,1,7.2992700729927,67.51824817518248,64.68872132486493,70.22540169898838,-7.481751824817522
Universidades,UNIVERSIDAD DEL DESARROLLO,2106,1432,2,0.7597340930674265,67.99620132953467,65.97264663827285,69.95422345099385,-7.003798670465329
Institutos Profesionales,IP LATINOAMERICANO DE COMERCIO EXTERIOR - IPLACEX,5894,4018,2,9.229725144214456,68.17102137767222,66.97031613120438,69.34805585209922,-6.8289786223277815
Universidades,UNIVERSIDAD FINIS TERRAE,1109,760,2,1.3525698827772767,68.53020739404869,65.73702119837372,71.1954633655593,-6.469792605951312
Institutos Profesionales,IP ESCUELA DE COMERCIO DE SANTIAGO,143,100,1,17.482517482517483,69.93006993006993,61.97349279660498,76.84388239005932,-5.0699300699300665
Universidades,UNIVERSIDAD DE LA FRONTERA,1339,943,1,1.4936519790888723,70.42569081404034,67.92561157723014,72.8089067389071,-4.574309185959663
Institutos Profesionales,IP INSTITUTO DE ESTUDIOS BANCARIOS GUILLERMO SUBERCASEAUX,961,682,1,6.971904266389179,70.96774193548387,68.01892502811621,73.74959521069884,-4.032258064516128
Universidades,UNIVERSIDAD DE MAGALLANES,373,267,1,4.289544235924933,71.58176943699732,66.80271456830715,75.92082240765117,-3.4182305630026804
Universidades,UNIVERSIDAD ANDRES BELLO,5975,4295,1,1.6903765690376569,71.88284518828452,70.72913671974054,73.00843381145398,-3.11715481171548
Universidades,UNIVERSIDAD DEL ALBA,360,260,1,5.555555555555555,72.22222222222221,67.37930890676658,76.59588856484704,-2.7777777777777857
Universidades,UNIVERSIDAD CATOLICA DEL MAULE,1653,1221,1,1.1494252873563218,73.86569872958258,71.69403714650767,75.92669299635067,-1.1343012704174242
Universidades,"UNIVERSIDAD DE ARTES, CIENCIAS Y COMUNICACION - UNIACC",629,465,2,1.7488076311605723,73.9268680445151,70.35797639862662,77.2052791063013,-1.0731319554848966
Universidades,UNIVERSIDAD DE LOS LAGOS,1264,950,1,6.012658227848101,75.15822784810126,72.70232296030422,77.46167787554057,0.15822784810126223
Universidades,UNIVERSIDAD DE LAS AMERICAS,3657,2754,1,3.5001367240907846,75.3076292042658,73.88394243147579,76.67820348008964,0.307629204265794
Institutos Profesionales,IP INSTITUTO INTERNACIONAL DE ARTES CULINARIAS Y SERVICIOS,154,116,0,5.844155844155844,75.32467532467533,67.9544539576648,81.4622205857497,0.3246753246753258
Institutos Profesionales,IP IACC,6853,5165,1,6.654020137166204,75.36845177294616,74.334312960173,76.37416587634961,0.36845177294615894
Institutos Profesionales,IP DIEGO PORTALES,831,634,1,11.793020457280386,76.2936221419976,73.28525097148696,79.06001714891892,1.2936221419976022
Institutos Profesionales,IP LOS LAGOS,179,137,0,6.70391061452514,76.53631284916202,69.8110764201196,82.14650508942358,1.536312849162016
Universidades,UNIVERSIDAD AUTONOMA DE CHILE,3462,2674,0,1.3575967648757943,77.23859041016753,75.81215346720752,78.60464610104913,2.2385904101675322
Institutos Profesionales,IP EATRI,133,103,0,6.7669172932330826,77.44360902255639,69.62823088295129,83.71817497176359,2.4436090225563873
Universidades,UNIVERSIDAD CATOLICA DE LA SANTISIMA CONCEPCION,2599,2041,0,3.2320123124278566,78.53020392458639,76.91008167668967,80.06611235826794,3.530203924586388
Centros de Formación Técnica,CFT ESCUELA DE COMERCIO,233,183,0,12.446351931330472,78.54077253218884,72.82894070300438,83.32676812527576,3.5407725321888393
Universidades,UNIVERSIDAD BERNARDO O'HIGGINS,965,759,1,3.316062176165803,78.65284974093264,75.95656761123261,81.12191462807306,3.6528497409326377
Institutos Profesionales,IP SANTO TOMAS,4652,3666,1,3.8263112639724852,78.80481513327601,77.60687338783987,79.955224112766,3.8048151332760085
Universidades,UNIVERSIDAD ADVENTISTA DE CHILE,408,325,1,0.9803921568627451,79.65686274509804,75.48261163111137,83.27786398806639,4.656862745098039
Institutos Profesionales,IP PROVIDENCIA,2885,2307,1,6.031195840554593,79.96533795493934,78.46536673323742,81.38561590621232,4.9653379549393435
Universidades,UNIVERSIDAD DE LOS ANDES,926,742,1,0.21598272138228944,80.12958963282938,77.4373553147811,82.57287489238821,5.129589632829379
Centros de Formación Técnica,CFT DE LA REGION DE TARAPACA,310,250,1,2.903225806451613,80.64516129032258,75.88303490226143,84.65708644243064,5.6451612903225765
Universidades,UNIVERSIDAD ACADEMIA DE HUMANISMO CRISTIANO,903,729,0,8.527131782945736,80.73089700996677,78.03037718810813,83.17105935866729,5.7308970099667675
Universidades,UNIVERSIDAD CATOLICA CARDENAL RAUL SILVA HENRIQUEZ,806,652,1,0.24813895781637718,80.89330024813896,78.03511706428739,83.45840053423079,5.8933002481389565
Centros de Formación Técnica,CFT DEL MEDIO AMBIENTE,189,153,1,8.994708994708994,80.95238095238095,74.75939712134247,85.91220364101628,5.952380952380949
Institutos Profesionales,IP DUOC UC,23647,19190,1,6.2967818327906295,81.15194316403772,80.64842379712849,81.64534289887742,6.151943164037718
Institutos Profesionales,IP DEL VALLE CENTRAL,720,585,-2,9.86111111111111,81.25,78.23591765238945,83.93239206741502,6.25
Institutos Profesionales,IP INSTITUTO NACIONAL DEL FUTBOL,151,123,1,7.28476821192053,81.45695364238411,74.50547533517584,86.84760201474096,6.456953642384107
Institutos Profesionales,IP IPG,772,629,1,7.772020725388601,81.47668393782384,78.58277598217688,84.05888804267903,6.476683937823836
Centros de Formación Técnica,CFT LOTA-ARAUCO,448,368,0,13.169642857142858,82.14285714285714,78.32763580599087,85.41153517483939,7.142857142857139
Universidades,UNIVERSIDAD SEK,351,296,1,2.849002849002849,84.33048433048434,80.15835493879808,87.75930068153359,9.330484330484339
Centros de Formación Técnica,CFT CEDUC - UCN,1172,996,1,3.668941979522184,84.98293515358361,82.82356151501452,86.91373119980571,9.982935153583611
Centros de Formación Técnica,CFT SANTO TOMAS,10154,8642,1,3.574945834154028,85.10931652550718,84.40361342266498,85.7884645784006,10.109316525507182
Institutos Profesionales,IP ARCOS,463,397,0,4.535637149028078,85.7451403887689,82.2660070765082,88.63600767517038,10.745140388768903
Institutos Profesionales,IP DE CHILE,3559,3079,0,2.24782242202866,86.51306546782804,85.3513822935995,87.59601180291675,11.513065467828042
Centros de Formación Técnica,CFT JUAN BOHON,299,259,1,4.3478260869565215,86.62207357859532,82.29551895011694,90.01954677860323,11.62207357859532
Institutos Profesionales,IP DR. VIRGINIO GOMEZ G.,2291,2013,1,5.106940200785683,87.86556089044085,86.46472058007183,89.13963079379636,12.865560890440847
Institutos Profesionales,IP AGRARIO ADOLFO MATTHEI,169,150,0,2.9585798816568047,88.75739644970415,83.10853067705098,92.68347020851174,13.757396449704146
Centros de Formación Técnica,CFT DE ENAC,1858,1664,1,1.7222820236813776,89.55866523143165,88.08562936989938,90.86846164766288,14.558665231431647
Institutos Profesionales,IP AIEP,20830,18708,0,3.1925108017282766,89.81277004320691,89.39462968228791,90.21622860701606,14.81277004320691
Centros de Formación Técnica,CFT DE LA REGION DE COQUIMBO,307,276,1,0.6514657980456027,89.90228013029315,86.02358579832725,92.79472914894811,14.90228013029315
Centros de Formación Técnica,CFT DE LA REGION DE ANTOFAGASTA,125,114,1,0,91.2,84.92803613696876,95.01517542146516,16.200000000000003
Centros de Formación Técnica,CFT DE LA REGION DE LOS RIOS,212,196,0,0.4716981132075472,92.45283018867924,88.09320916259233,95.30133467688908,17.452830188679243
Institutos Profesionales,IP LOS LEONES,1201,1118,1,2.7477102414654455,93.08909242298084,91.5129468815313,94.39047156599322,18.08909242298084
Centros de Formación Técnica,CFT PUCV,1848,1724,1,3.787878787878788,93.29004329004329,92.05718494901438,94.34329995096869,18.290043290043286
Centros de Formación Técnica,CFT MANPOWER,164,153,-1,2.4390243902439024,93.29268292682927,88.38986124358266,96.21378853266202,18.292682926829272
Centros de Formación Técnica,CFT SAN AGUSTIN,1696,1607,0,0.6485849056603774,94.75235849056604,93.58637247646341,95.71607347359296,19.75235849056604
Institutos Profesionales,IP SAN SEBASTIAN,336,319,0,1.7857142857142856,94.94047619047619,92.0475684586749,96.81739847266707,19.94047619047619
Centros de Formación Técnica,CFT CENCO,1596,1520,0,0.2506265664160401,95.23809523809523,94.08030268748678,96.17864091211396,20.238095238095227
Centros de Formación Técnica,CFT DE LA REGION DEL BIO BIO,111,106,2,0,95.4954954954955,89.88650882440173,98.0608239917851,20.495495495495504
Centros de Formación Técnica,CFT DE LA REGION DE VALPARAISO,291,279,1,0.3436426116838488,95.87628865979381,92.93156239256497,97.62558010291234,20.876288659793815
Centros de Formación Técnica,CFT DE LA REGION DE LOS LAGOS,104,100,1,0,96.15384615384616,90.52524862309444,98.49431866560231,21.15384615384616
Centros de Formación Técnica,CFT DE LA REGION DE ARICA Y PARINACOTA,612,592,1,0,96.73202614379085,95.00635735861385,97.87469048369147,21.732026143790847
Centros de Formación Técnica,CFT DE LA REGION DEL LIBERTADOR GENERAL BERNARDO O'HIGGINS,245,237,1,0,96.73469387755102,93.69015636699942,98.33630943386574,21.734693877551024
Centros de Formación Técnica,CFT DE LA REGION DE LA ARAUCANIA,374,366,1,0.267379679144385,97.86096256684492,95.83651642507533,98.91221790317374,22.86096256684492
Centros de Formación Técnica,CFT DE LA REGION METROPOLITANA DE SANTIAGO,109,108,1,0,99.08256880733946,94.9854375408217,99.8378668707455,24.082568807339456
Centros de Formación Técnica,CFT DE LA REGION DEL MAULE,429,426,0,0.2331002331002331,99.3006993006993,97.9644178363432,99.76189543145055,24.300699300699307
Centros de Formación Técnica,CFT LAPLACE,151,151,1,0,100,97.51910189302563,100.00000000000003,25
