dimension,valor,n,n_oportuna,mediana_sobreduracion,pct_mas_doble,pct,ic_inf,ic_sup,brecha_meta_pp
grupo_inst,CFT · técnica,39659,29206,1,15.214705363221462,73.64280491187372,73.20692730082344,74.07410277734179,-1.357195088126275
grupo_inst,IP · profesional,46237,36089,1,4.846767740121548,78.05220926963254,77.67262685965174,78.4271308039312,3.0522092696325416
grupo_inst,IP · técnica,42022,34424,1,6.922564371043739,81.91899481224121,81.54811166887005,82.28404271234714,6.918994812241209
grupo_inst,Universidad · profesional,83200,51646,2,5.200721153846153,62.07451923076923,61.744276710193745,62.40364680839038,-12.925480769230766
grupo_inst,Universidad · técnica,5318,4103,1,11.84655885671305,77.1530650620534,76.00529858993316,78.26163180148764,2.1530650620534004
area_conocimiento,Administración y Comercio,48569,36890,1,8.15540777038852,75.9537976898845,75.57168202975983,76.33180815698063,0.953797689884496
area_conocimiento,Agropecuaria,6392,3903,1,10.919899874843555,61.06070087609512,59.8590218216706,62.24909341389251,-13.939299123904881
area_conocimiento,Arte y Arquitectura,10829,7907,1,5.263643919106104,73.01689906731924,72.17283526296396,73.8446387206596,-1.983100932680756
area_conocimiento,Ciencias Básicas,2490,1198,3,8.112449799196787,48.11244979919679,46.15437145886151,50.07634322159571,-26.88755020080321
area_conocimiento,Ciencias Sociales,23053,18573,1,3.17095388886479,80.56652062638268,80.05066154816238,81.07219443872538,5.566520626382683
area_conocimiento,Derecho,5673,1949,4,14.084258769610436,34.35572007756038,33.13090346968266,35.60170932432098,-40.64427992243962
area_conocimiento,Educación,20415,16738,1,3.673769287288758,81.98873377418565,81.45559494820948,82.50983632437531,6.988733774185647
area_conocimiento,Humanidades,1201,789,1,5.328892589508743,65.69525395503747,62.9641743491206,68.32624956848014,-9.304746044962528
area_conocimiento,Salud,39913,30740,1,2.6758199083005536,77.01751309097287,76.60217746610317,77.4276485717338,2.0175130909728693
area_conocimiento,Tecnología,57901,36781,1,12.604272810486867,63.52394604583685,63.13097810064262,63.91511960974899,-11.476053954163149
modalidad_jornada,A distancia,23870,19253,1,6.937578550481777,80.65772936740679,80.1517421313695,81.15385054103396,5.6577293674067874
modalidad_jornada,Presencial diurna,141740,97560,1,6.569070128404119,68.83025257513758,68.588611115211,69.0708733820452,-6.169747424862422
modalidad_jornada,Presencial vespertina,48445,36848,1,10.252864072659717,76.06151305604294,75.67948162178644,76.43941170915565,1.0615130560429407
modalidad_jornada,Semipresencial u otra,2381,1807,1,8.69382612347753,75.89248215035698,74.13357021475792,77.56797981656864,0.8924821503569831
macrozona,Austral,1696,1149,1,13.502358490566039,67.74764150943396,65.48503031420924,69.93003718377095,-7.2523584905660385
macrozona,Centro,38167,27263,1,7.53792543296565,71.43081719810307,70.97547195241876,71.88184891028307,-3.569182801896929
macrozona,Metropolitana,103992,76715,1,6.16297407492884,73.77009769982307,73.5018691897273,74.03657014255695,-1.2299023001769314
macrozona,Norte,24301,15947,1,11.353442245175096,65.62281387597218,65.02321587125451,66.21747340814154,-9.377186124027816
macrozona,Sur,48280,34394,1,8.009527754763877,71.23860811930406,70.83316734161463,71.64066941284169,-3.761391880695939
region_sede,Antofagasta,7110,4491,1,12.61603375527426,63.16455696202532,62.036528667475125,64.27836759267197,-11.835443037974677
region_sede,Arica y Parinacota,2860,1801,1,11.398601398601398,62.97202797202798,61.186012234465906,64.72324324176249,-12.02797202797202
region_sede,Atacama,2716,1680,1,15.61119293078056,61.855670103092784,60.013351868615416,63.66449883519857,-13.144329896907216
region_sede,Aysén,451,299,1,14.634146341463413,66.29711751662971,61.81320578808053,70.50574780536265,-8.702882483370288
region_sede,Biobío,21882,15783,1,7.531304268348414,72.12777625445572,71.52985624092881,72.71792842031411,-2.872223745544275
region_sede,Coquimbo,8208,5770,1,8.637914230019494,70.29727095516569,69.29941575732568,71.27613622707065,-4.702729044834314
region_sede,La Araucanía,9331,6509,1,8.262779980709462,69.75672489550959,68.81680344668004,70.68038583355218,-5.243275104490408
region_sede,Lib. Gral. B. O'Higgins,5733,4333,1,9.593581022152451,75.57997557997558,74.45101373550915,76.67468009886305,0.5799755799755815
region_sede,Los Lagos,7820,5911,1,6.687979539641943,75.58823529411765,74.6237469387406,76.52759631206233,0.5882352941176521
region_sede,Los Ríos,4611,2796,2,11.038820212535242,60.63760572543917,59.21916981220099,62.038331853970895,-14.362394274560828
region_sede,Magallanes,1245,850,1,13.092369477911648,68.27309236947792,65.63500410566756,70.79876391078392,-6.726907630522078
region_sede,Maule,11414,8425,1,6.8161906430699135,73.81286139828282,72.9983809305438,74.61131849999518,-1.18713860171718
region_sede,Metropolitana,103992,76715,1,6.16297407492884,73.77009769982307,73.5018691897273,74.03657014255695,-1.2299023001769314
region_sede,Tarapacá,3407,2205,1,11.828588200763136,64.71969474611095,63.09941005612364,66.30682333552714,-10.280305253889054
region_sede,Valparaíso,21020,14505,1,7.369172216936251,69.00570884871551,68.37708918604208,69.62738309677063,-5.994291151284486
region_sede,Ñuble,4636,3395,1,8.973252804141502,73.23123382226056,71.93788579110783,74.48611423383011,-1.7687661777394368
tramo_edad_ingreso,19 o menos,75632,49490,1,7.389729215147028,65.43526549608632,65.09555314313695,65.77340996969048,-9.564734503913684
tramo_edad_ingreso,20 a 24,72834,50369,1,8.68001208226927,69.15588873328392,68.81947136179825,69.49028554632719,-5.844111266716084
tramo_edad_ingreso,25 a 29,22926,17823,1,8.1566780075024,77.74142894530229,77.1983397504041,78.27522304262101,2.741428945302289
tramo_edad_ingreso,30 o más,45043,37786,1,5.237217769686744,83.88872854827609,83.54633190636079,84.22534533300326,8.888728548276092
tramo_edad_ingreso,NA,1,0,31,100,0,0,79.34506856227625,-75
genero,Hombre,97620,64448,1,10.304240934234787,66.01925834869904,65.72151416630503,66.31574182837197,-8.98074165130096
genero,Mujer,118816,91020,1,5.11883921357393,76.60584433072987,76.36427588653754,76.84569243505081,1.605844330729866
tipo_plan_carr,Plan Especial,7482,5591,1,15.637530072173217,74.72600908847902,73.72877315291791,75.69786806508742,-0.27399091152098265
tipo_plan_carr,Plan Regular,208954,149877,1,7.164734822018243,71.72727011686783,71.53378694312373,71.91995442694777,-3.272729883132172
