termino,log_odds,ee_cluster,z,p_valor,OR,OR_inf,OR_sup,significativo_5pct
grupo_instCFT · técnica,-0.5822608655835452,0.357636983736552,-1.6280778892052703,0.10350837124001827,0.5586339415042967,0.2771444376191785,1.1260261374231184,FALSE
grupo_instIP · profesional,-0.8088488061824046,0.14598061849357066,-5.540795857211882,3.0110006448351954e-8,0.44537047896508536,0.3345511283997856,0.5928985039816014,TRUE
grupo_instIP · técnica,-0.7402682736809211,0.19229648131884794,-3.8496194449521823,1.1830148321743348e-4,0.4769859355822911,0.32720694418494034,0.6953262661036914,TRUE
grupo_instUniversidad · técnica,-0.899023486031998,0.2356647230398029,-3.8148411626298273,1.3627055582124146e-4,0.406966874603668,0.2564253074978758,0.6458880312585747,TRUE
area_conocimientoAdministración y Comercio,-0.4141441566818903,0.07554756845713005,-5.48189922110993,4.207839233349486e-8,0.6609056704299012,0.569945424073292,0.7663826864065277,TRUE
area_conocimientoAgropecuaria,-0.043560003672234185,0.1969449838173966,-0.22117853843194166,0.8249534193050261,0.9573751063453599,0.6507920763936481,1.4083869910170517,FALSE
area_conocimientoArte y Arquitectura,-0.4763105408539834,0.12490833834705527,-3.813280579640442,1.371342768888366e-4,0.6210705845080005,0.4862042939998444,0.7933469031460935,TRUE
area_conocimientoCiencias Básicas,0.1768071803903435,0.1449732483134191,1.2195848713281385,0.22262228434729978,1.1934009598335071,0.8982245690725595,1.5855788184485602,FALSE
area_conocimientoCiencias Sociales,-0.9926711012346827,0.15638726376181722,-6.347518828301468,2.188152058116402e-10,0.37058549644373806,0.2727541317629442,0.5035069836955247,TRUE
area_conocimientoDerecho,0.9220167121237571,0.18950279308915152,4.8654518336835,1.1419562025765634e-6,2.5143560125220734,1.7342899218816867,3.645287952112765,TRUE
area_conocimientoEducación,-0.9506094923004554,0.1552234739825548,-6.124134887016459,9.117763219433323e-10,0.38650537959728853,0.2851209191822406,0.5239405403367154,TRUE
area_conocimientoHumanidades,-0.42059251346025817,0.1671865782806831,-2.5157074077689514,0.0118793757430153,0.6566576260429571,0.4731834199724383,0.9112729221693532,TRUE
area_conocimientoSalud,-0.7859725119624488,0.14558488674900263,-5.39872324328221,6.711681540563121e-8,0.455676335543775,0.34255822124706337,0.6061478309254943,TRUE
modalidad_jornadaA distancia,0.30984265995298516,0.17781761377562672,1.7424745129239552,0.08142544744955217,1.3632106096361354,0.9620648115962818,1.9316195165075363,FALSE
modalidad_jornadaPresencial vespertina,0.09719772838747386,0.11632652714327121,0.8355594443884862,0.4034027921532008,1.1020782642367781,0.8773949242469645,1.3842985261689038,FALSE
modalidad_jornadaSemipresencial u otra,0.4463176044548343,0.23288816908044674,1.9164460187784915,0.055308348030440886,1.5625476598306254,0.9899163648532792,2.466425726383501,FALSE
macrozonaAustral,0.22073671012164095,0.12715099862714352,1.7360202633478905,0.08256025171923641,1.2469950661591662,0.9719269148950207,1.5999111365212693,FALSE
macrozonaCentro,0.09009767476001904,0.11718833033868313,0.7688280437107513,0.4419953984702887,1.0942811621353679,0.8697171526310462,1.3768283840117814,FALSE
macrozonaNorte,0.3294578052823478,0.11232724955138065,2.9330176479719414,0.003356848103001575,1.3902141573101638,1.1154974419257822,1.7325861365033928,TRUE
macrozonaSur,0.022264515908322333,0.07503303231530309,0.2967295232686665,0.7666730153234911,1.0225142199792845,0.8826756041645872,1.1845068846661928,FALSE
tramo_edad_ingreso20 a 24,0.02976205333969825,0.0372690470866557,0.7985729624505115,0.4245380704633856,1.0302093699077095,0.9576394424890492,1.1082786472193333,FALSE
tramo_edad_ingreso25 a 29,-0.350993798671354,0.08777709443867832,-3.9986946585086693,6.369278559128697e-5,0.7039881195037764,0.592719658851212,0.8361444824742545,TRUE
tramo_edad_ingreso30 o más,-0.738559715650336,0.15133448330063579,-4.880313458916954,1.0591735712254329e-6,0.4778015903313226,0.35516604994621787,0.6427820445048484,TRUE
generoMujer,-0.27356943252304294,0.02993835044722549,-9.137759042712915,6.375980971618972e-20,0.7606595200126482,0.7173097515400072,0.806629080594064,TRUE
tipo_plan_carrPlan Especial,0.20298849652747897,0.2949946726977232,0.6881090247195017,0.49138412775358487,1.225058375741081,0.6871584055382235,2.1840204702115003,FALSE
declara_proceso_titTRUE,-0.3631899426851228,0.13925912956995914,-2.608015315094069,0.009106887975152978,0.6954543244911483,0.5293355060830764,0.9137054134765182,TRUE
