variable,nivel,prob_fuera_plazo,dif_vs_ref_pp
grupo_inst,Universidad · profesional,36.50938447819909,0
grupo_inst,CFT · técnica,25.12115693260249,-11.388227545596596
grupo_inst,IP · profesional,21.351254173150885,-15.1581303050482
grupo_inst,IP · técnica,22.449478283465545,-14.05990619473354
grupo_inst,Universidad · técnica,19.964567916483137,-16.54481656171595
area_conocimiento,Tecnología,36.29077977009019,0
area_conocimiento,Administración y Comercio,27.893770681198145,-8.397009088892043
area_conocimiento,Agropecuaria,35.35916697961948,-0.9316127904707094
area_conocimiento,Arte y Arquitectura,26.73353510267055,-9.557244667419635
area_conocimiento,Ciencias Básicas,40.163815440232085,3.8730356701419
area_conocimiento,Ciencias Sociales,18.27701237936953,-18.013767390720655
area_conocimiento,Derecho,57.19076928001131,20.899989509921124
area_conocimiento,Educación,18.884333810339076,-17.40644595975111
area_conocimiento,Humanidades,27.772090500637425,-8.51868926945276
area_conocimiento,Salud,21.401960599947063,-14.888819170143124
modalidad_jornada,Presencial diurna,27.28293567273156,0
modalidad_jornada,A distancia,33.092254638137504,5.809318965405941
modalidad_jornada,Presencial vespertina,29.04132959859183,1.7583939258602688
modalidad_jornada,Semipresencial u otra,35.82399427977611,8.541058607044544
macrozona,Metropolitana,27.03147910481872,0
macrozona,Austral,31.136769537734864,4.105290432916142
macrozona,Centro,28.668337491478436,1.636858386659712
macrozona,Norte,33.27100231142548,6.239523206606757
macrozona,Sur,27.430817787701333,0.39933868288261065
tramo_edad_ingreso,19 o menos,31.040912015458616,0
tramo_edad_ingreso,20 a 24,31.629530774903063,0.5886187594444481
tramo_edad_ingreso,25 a 29,24.564877449794704,-6.4760345656639124
tramo_edad_ingreso,30 o más,18.506343197561396,-12.53456881789722
genero,Hombre,30.76899284240208,0
genero,Mujer,25.73271661448524,-5.036276227916842
