termino,OR_con_duracion,p_con_duracion,OR_modelo_principal,p_modelo_principal,cambio_pct,cambia_conclusion
grupo_instCFT · técnica,0.2981154885645668,9.2348727586379e-4,0.5586339415042967,0.10350837124001827,-46.634913059203384,TRUE
grupo_instIP · profesional,0.356072014311671,5.765491888099845e-8,0.44537047896508536,3.0110006448351954e-8,-20.050378027057082,FALSE
grupo_instIP · técnica,0.25449226755991033,4.947134016775267e-5,0.4769859355822911,1.1830148321743348e-4,-46.64575020451424,FALSE
grupo_instUniversidad · técnica,0.2139848313025086,6.914791659170636e-5,0.406966874603668,1.3627055582124146e-4,-47.41959489678329,FALSE
area_conocimientoAdministración y Comercio,0.6449383333140677,2.166547717493749e-9,0.6609056704299012,4.207839233349486e-8,-2.415978229608351,FALSE
area_conocimientoAgropecuaria,0.9651993868566965,0.8533816130315791,0.9573751063453599,0.8249534193050261,0.817263835196691,FALSE
area_conocimientoArte y Arquitectura,0.6131239958861764,1.2124778006683062e-4,0.6210705845080005,1.371342768888366e-4,-1.2794984692632294,FALSE
area_conocimientoCiencias Básicas,1.1917334382605413,0.2390310303062198,1.1934009598335071,0.22262228434729978,-0.13972852621121357,FALSE
area_conocimientoCiencias Sociales,0.36361096493606937,2.0375186369594393e-10,0.37058549644373806,2.188152058116402e-10,-1.882030347814101,FALSE
area_conocimientoDerecho,2.66151416570905,1.1744430206769478e-7,2.5143560125220734,1.1419562025765634e-6,5.852717453459055,FALSE
area_conocimientoEducación,0.3762752020854361,1.8457691130951124e-10,0.38650537959728853,9.117763219433323e-10,-2.646839617733543,FALSE
area_conocimientoHumanidades,0.5729031527711144,0.0036267003354019055,0.6566576260429571,0.0118793757430153,-12.754663914671982,FALSE
area_conocimientoSalud,0.4826872582369334,1.4787219755301488e-8,0.455676335543775,6.711681540563121e-8,5.927655352329264,FALSE
modalidad_jornadaA distancia,1.3267536822399388,0.12318352819468768,1.3632106096361354,0.08142544744955217,-2.674342991353884,FALSE
modalidad_jornadaPresencial vespertina,1.0835636864268472,0.4995284390060791,1.1020782642367781,0.4034027921532008,-1.6799694187556447,FALSE
modalidad_jornadaSemipresencial u otra,1.683720925899623,0.03375630144211308,1.5625476598306254,0.055308348030440886,7.7548524876439595,TRUE
macrozonaAustral,1.2455999195951564,0.07243721844434041,1.2469950661591662,0.08256025171923641,-0.11188068035481447,FALSE
macrozonaCentro,1.0927150903124851,0.4444704903243927,1.0942811621353679,0.4419953984702887,-0.1431142084020398,FALSE
macrozonaNorte,1.3675626729849193,0.005077719660420544,1.3902141573101638,0.003356848103001575,-1.6293521545681422,FALSE
macrozonaSur,1.0228650945678022,0.7665288650581118,1.0225142199792845,0.7666730153234911,0.03431488596068455,FALSE
tramo_edad_ingreso20 a 24,1.0163393781035295,0.6558524209515746,1.0302093699077095,0.4245380704633856,-1.346327475688025,FALSE
tramo_edad_ingreso25 a 29,0.6930726006743525,1.89437957312771e-5,0.7039881195037764,6.369278559128697e-5,-1.5505259999441412,FALSE
tramo_edad_ingreso30 o más,0.47372037462541133,5.255674691895737e-7,0.4778015903313226,1.0591735712254329e-6,-0.8541653666496174,FALSE
generoMujer,0.7597597519137732,3.371858249696577e-20,0.7606595200126482,6.375980971618972e-20,-0.11828789033759834,FALSE
tipo_plan_carrPlan Especial,0.8068095956012542,0.5598388245604489,1.225058375741081,0.49138412775358487,-34.14113061239333,TRUE
declara_proceso_titTRUE,0.7183036839465872,0.013737084374188302,0.6954543244911483,0.009106887975152978,3.285529854481428,FALSE
